Model,Training Level,Feature Type,Training Obs,Training Time (min),Accuracy,F1 (weighted),F1 (macro),Cohen Kappa,Cross Entropy,Fields
L-TAE Field (field),field,raw temporal (field-averaged),2653.0,1.0,0.6579710144927536,0.6682635930824838,0.5938929204673029,0.4706658291957333,5.51285596960314,2415
XGBoost (field),field,xr_fresh time-series,2653.0,106.8,0.6968944099378882,0.6760717822679575,0.564787223127966,0.4742627312357137,4.885484962650725,2415
Voting (field),field,xr_fresh time-series,3317.0,1.8,0.7010351966873706,0.6630916268883681,0.5641829795605188,0.4667030021755427,4.8187433661664265,2415
LightGBM (field),field,xr_fresh time-series,2653.0,203.9,0.6902691511387163,0.6629539458149571,0.5587634754786438,0.4526366567572293,4.992271517025604,2415
Stacking (field),field,xr_fresh time-series,3317.0,1.8,0.6890269151138716,0.6709218061714275,0.5536012551967411,0.4726822809453698,5.012293995970893,2415
TempCNN Field (field),field,raw temporal (field-averaged),2653.0,1.1,0.6231884057971014,0.6439793477711361,0.5354850915265806,0.42604174474534307,6.073485380071255,2415
SMOTE Stacked (field),field,xr_fresh time-series,2653.0,1.7,0.6666666666666666,0.6312386762148599,0.4887371602524812,0.42666912033379323,5.372698616986112,2415
TabNet Temporal Field (field),field,raw temporal (field-averaged),2653.0,0.6,0.5440993788819876,0.5629267064898567,0.4332835081148989,0.31205802390047366,7.348249872921375,2415
TabNet Field (field),field,xr_fresh time-series,2653.0,0.6,0.6198757763975156,0.5314990282173472,0.3696306351952517,0.2525586810061363,6.126878657258696,2415